{
	"content": [

		{
			"type": "structure",
			
			"fillSize": 4,
			"name": "Her room",
			
			"instances": [
				{"x": 0, "y": 2, "object": "Sign", 
					"variables": {
						"text": "And so she left"
					}
				},
				
				{"x": -2, "y": -1, "object": "HatPickup",
					"variables": {
						"area": "Ruins"
					}
				},

				{"x": 2, "y": -1, "object": "ThrowedWeapon",
                    "variables": {
                        "weapon": "Brush"
                    }
                },
				
				{"x": 0, "y": -3, "object": "RewardBag"}
			]
		},




		{
			"type": "structure",
			
			"fillSize": 1,
			"name": "A small empty room",
			
			"instances": [
				{"x": 0, "y": 0, "object": "RewardBag"}
			]
		},


		
		{
			"type": "structure",
			
			"fillSize": 3,
			"name": "His last words",
			
			"instances": [
				{"x": -2, "y": 0, "object": "EssenceBottle" },
				
				{"x": 2, "y": 0, "object": "HealthBottle" },

				{"x": 3, "y": 3, "object": "PushSpikes" },

				{"x": 3, "y": 1, "object": "PushSpikes" },

				{"x": 3, "y": -1, "object": "PushSpikes" },

				{"x": 3, "y": -3, "object": "PushSpikes" },

				{"x": 1, "y": 3, "object": "PushSpikes" },

				{"x": 1, "y": 1, "object": "PushSpikes" },

				{"x": 1, "y": -1, "object": "PushSpikes" },

				{"x": 1, "y": -3, "object": "PushSpikes" },

				{"x": -3, "y": 3, "object": "PushSpikes" },

				{"x": -3, "y": 1, "object": "PushSpikes" },

				{"x": -3, "y": -1, "object": "PushSpikes" },

				{"x": -3, "y": -3, "object": "PushSpikes" },

				{"x": -1, "y": 3, "object": "PushSpikes" },

				{"x": -1, "y": 1, "object": "PushSpikes" },

				{"x": -1, "y": -1, "object": "PushSpikes" },

				{"x": -1, "y": -3, "object": "PushSpikes" },

				{"x": -2, "y": 2, "object": "PushButton" },

				{"x": -2, "y": 0, "object": "PushButton" },

				{"x": -2, "y": -2, "object": "PushButton" },

				{"x": 0, "y": 2, "object": "PushButton" },

				{"x": 0, "y": 0, "object": "PushButton" },

				{"x": 0, "y": -2, "object": "PushButton" },

				{"x": 2, "y": 2, "object": "PushButton" },

				{"x": 2, "y": 0, "object": "PushButton" },

				{"x": 2, "y": -2, "object": "PushButton" }
				
			]
		}












		
	]
}