{
	"en": {
		"char.Kkulyok.name": "Kkulyok",
		"char.Kkulyok.desc": "Forget#Leave",
		"char.fish.name": "Fish",
		"char.fish.desc": "Wait what#Can roll",

		"weapon.name.brush": "Brush",
		"weapon.description.brush": "Great tool but bad weapon",
		
		"hat.name.hat_art": "Artist's hat",
		"hat.description.hat_art": "The thing he left",

		"hat.name.kk_glasses": "Her glasses",
		"hat.description.kk_glasses": "She could see their blood spots",

		"hat.name.pencil": "Pencil",
		"hat.description.pencil": "Do not put it in an eye",

		"perk.name.resprite": "Recolor",
		"perk.description.resprite": "Inspiring, relaxing and increasing damage"
	},
	
	"ru": {
		"char.WYE.name": "ШУЕ",
		"char.WYE.desc": "d o  n o t  b e  a f r a i d",
		"char.fish.name": "Рыба",
		"char.fish.desc": "Стоп что#Может перекатываться",
		
		"weapon.name.brush": "Кисть",
		"weapon.description.brush": "Хороший инструмент, но плохое оружие",
		
		"hat.name.hat_art": "Берет",
		"hat.description.hat_art": "Он это оставил",

		"hat.name.kk_glasses": "Её очки",
		"hat.description.kk_glasses": "Она могла видеть их окровавленные места",

		"hat.name.pencil": "Карандаш",
		"hat.description.pencil": "Не тычьте им в глаз",

		"perk.name.resprite": "Перекрасить",
		"perk.description.resprite": "Воодушевляет, расслабляет и увеличивает урон"
	}
}