{
	"name": "Kkulyok1s trauma",
	"mod_id": "trauma",
	"id": "trauma",
	"description": "A small artist themed expansion by Senjey",
	"minGameBuild": 99,
	"version": 0.1,
	"resources": {
		"sprite": {
			"sprbrush": "weapons/brush.png:1:12:12",
			"sprresprite": "weapons/resprite.png:1:12:12",
			"sprpencil": "weapons/pencil.png:1:12:12",
			"sprhatart": "hats/hat_art.png:1:12:12",
			"sprkkglasses": "hats/kk_glasses.png:1:12:12",
			"KKIdle": "characters/sprkkIdle.png:1:12:12",
			"KKWalk": "characters/sprkkWalk.png:7:12:12",
			"KKLadder": "characters/sprkkLadder.png:7:16:16",
			"KKHand": "characters/sprkkHand.png:1:12:12"		
		}
	},

	"content": [
		{
			"type": "weapon",
			
			"id": "brush",
			"sprite": "sprbrush",
			"swingable": true,
			"boundScript": "main.gml",
			"params": {
				"attacks":[ 
					{
						"projectile": "Melee",
						"reload": 8,
						"damage": 2,
						"type": "slash",
						"color": "255 200 200",
						"hitFunction": "hit_brush"
					},

					{
						"projectile": "Melee",
						"reload": 18,
						"damage": 5,
						"type": "slash",
						"color": "255 200 200",
						"hitFunction": "hit_brush2"
					}
				],
				
				
				"tier": -1
			}
		},

		{
			"type": "weapon",
			
			"id": "pencil",
			"sprite": "sprpencil",
			
			"params": {
				"attacks": [
					{
						"projectile": "Melee",
						"reload": 5,
						"damage": 2,
						"type": "slash",
						"color": "255 200 200",
						"hit_function": "hit_broken_bottle"
					},

					{
						"projectile": "Melee",
						"reload": 15,
						"damage": 5,
						"type": "slash",
						"color": "255 200 200",
						"hit_function": "hit_broken_bottle"
					}
				],
				
				
				"tier": 6
			}
		},

		{
			"type": "perk",
			"id": "resprite",
			
			"sprite": "sprresprite",
			
			"params": {
				"isCurse": false,
				"special": false
			}
		},

		{
			"type": "hat",
			
			"id": "hat_art",
			
			"sprite": "sprhatart",
			
			"params": {
				"stats": {
				"fire_damage": {
					"value": 0.4,
					"tierValue": 0.2
				},
				"bleed_damage": {
					"value": 0.4,
					"tierValue": 0.2
				},
				"poison_damage": {
					"value": 0.4,
					"tierValue": 0.2
				}
				},
				"type": "hat",
            	"special": true
			}
			
		},

		{
			"type": "hat",
			
			"id": "kk_glasses",
			
			"sprite": "sprkkglasses",
			
			"params": {
				"stats": {
				"damage": {
					"value": 1,
					"tierValue": 0.5
				},
				
				"dodge_chance": {
					"value": 0.05,
					"tierValue": 0.03
				},
				
				"crit_chance": {
					"value": 0.05,
					"tierValue": 0.03
				},

				"bleed_damage": {
					"value": 0.5,
					"tierValue": 0.5
				}
				},
				"type": "mask",
				"special": false
			}
		},

		{
			"type": "character",
			
			"id": "Kkulyok",
			"sprites": {
				"Idle": "KKIdle",
				"Walk": "KKWalk",
				"Ladder": "KKLadder",
				"Hand": "KKHand"
			},
			
			"params": {
				"weapon": "brush",
				"second_weapon": "none",
				"active_item": "hypnose",
				"hat": "hat_art",
				"damage": 0.5,
				"max_stamina": 175,
				"stamina_recover": 1.3,
				"fire_duration": 1.11,
				"bleed_duration": 1.11,
				"poison_duration": 1.11,
				"unlocked": true,
				"hasSkin": false,
				"visible": true
			}
		}
	],

	"scripts": [
		"main.gml"
	]
}